type,storm,discount,climate,hazard,cost,benefit,ratio,net,ecosystem,net_ecosystem
NBA,20,0,Current,tide,1017.348462,0.000520369,0.0000005115,-1017.347942,214.4664538,-802.8814878
CCA,20,0,Current,tide,1153.096384,0.000646805,0.0000005609,-1153.095737,0,-1153.095737
NBA,20,0,Current,storm,1017.348462,0.099164014,0.0000974730,-1017.249298,214.4664538,-802.7828442
CCA,20,0,Current,storm,1153.096384,0.106294377,0.0000921817,-1152.99009,0,-1152.99009
NBA,20,0,Current,wave,1017.348462,81.52712742,0.0801368759,-935.8213346,214.4664538,-721.3548808
CCA,20,0,Current,wave,1153.096384,89.87091329,0.0779387695,-1063.225471,0,-1063.225471
NBA,20,0,Current,erosion,1017.348462,23.50901227,0.0231081219,-993.8394497,214.4664538,-779.3729959
CCA,20,0,Current,erosion,1153.096384,28.74419702,0.0249278355,-1124.352187,0,-1124.352187
NBA,20,0,Current,total,1017.348462,105.1358241,0.1033429823,-912.2126379,214.4664538,-697.7461841
CCA,20,0,Current,total,1153.096384,118.7220515,0.1029593477,-1034.374333,0,-1034.374333
NBA,20,0,2030,tide,1017.348462,0.062444324,0.0000613795,-1017.286018,214.4664538,-802.8195639
CCA,20,0,2030,tide,1153.096384,0.077616575,0.0000673114,-1153.018767,0,-1153.018767
NBA,20,0,2030,storm,1017.348462,1.449369541,0.0014246540,-1015.899092,214.4664538,-801.4326386
CCA,20,0,2030,storm,1153.096384,6.242977052,0.0054140982,-1146.853407,0,-1146.853407
NBA,20,0,2030,wave,1017.348462,967.2959582,0.9508010228,-50.0525038,214.4664538,164.41395
CCA,20,0,2030,wave,1153.096384,1034.00103,0.8967169131,-119.095354,0,-119.095354
NBA,20,0,2030,erosion,1017.348462,352.6351841,0.3466218284,-664.7132779,214.4664538,-450.2468241
CCA,20,0,2030,erosion,1153.096384,431.1629554,0.3739175331,-721.9334286,0,-721.9334286
NBA,20,0,2030,total,1017.348462,1321.442956,1.2989088847,304.0944941,214.4664538,518.560948
CCA,20,0,2030,total,1153.096384,1471.484579,1.2761158559,318.388195,0,318.388195
NBA,20,0,2060,tide,1017.348462,0.055159153,0.0000542185,-1017.293303,214.4664538,-802.826849
CCA,20,0,2060,tide,1153.096384,0.068561308,0.0000594584,-1153.027823,0,-1153.027823
NBA,20,0,2060,storm,1017.348462,1.414015542,0.0013899029,-1015.934446,214.4664538,-801.4679926
CCA,20,0,2060,storm,1153.096384,5.597972281,0.0048547306,-1147.498412,0,-1147.498412
NBA,20,0,2060,wave,1017.348462,967.2680522,0.9507735926,-50.08040984,214.4664538,164.386044
CCA,20,0,2060,wave,1153.096384,1038.150871,0.9003157802,-114.9455134,0,-114.9455134
NBA,20,0,2060,erosion,1017.348462,23.50901227,0.0231081219,-993.8394497,214.4664538,-779.3729959
CCA,20,0,2060,erosion,1153.096384,28.74419702,0.0249278355,-1124.352187,0,-1124.352187
NBA,20,0,2060,total,1017.348462,992.2462391,0.9753258359,-25.10222288,214.4664538,189.3642309
CCA,20,0,2060,total,1153.096384,1072.561601,0.9301578048,-80.53478275,0,-80.53478275
NBA,20,0,2100,tide,1017.348462,0.055159153,0.0000542185,-1017.293303,214.4664538,-802.826849
CCA,20,0,2100,tide,1153.096384,2055.283641,1.7824040293,902.187257,0,902.187257
NBA,20,0,2100,storm,1017.348462,141.2781341,0.1388689710,-876.0703279,214.4664538,-661.6038741
CCA,20,0,2100,storm,1153.096384,454.5992017,0.3942421536,-698.4971823,0,-698.4971823
NBA,20,0,2100,wave,1017.348462,8631.030971,8.4838492350,7613.682509,214.4664538,7828.148963
CCA,20,0,2100,wave,1153.096384,9127.060904,7.9152627925,7973.96452,0,7973.96452
NBA,20,0,2100,erosion,1017.348462,1290.901568,1.2688883070,273.5531055,214.4664538,488.0195594
CCA,20,0,2100,erosion,1153.096384,1550.213579,1.3443920215,397.1171947,0,397.1171947
NBA,20,0,2100,total,1017.348462,11736.06198,11.5359313163,10718.71352,214.4664538,10933.17997
CCA,20,0,2100,total,1153.096384,13187.15733,11.4363009969,12034.06094,0,12034.06094
NBA,50,0,Current,tide,1017.348462,0.000520369,0.0000005115,-1017.347942,214.4664538,-802.8814878
CCA,50,0,Current,tide,1153.096384,0.000646805,0.0000005609,-1153.095737,0,-1153.095737
NBA,50,0,Current,storm,1017.348462,0.039665606,0.0000389892,-1017.308796,214.4664538,-802.8423426
CCA,50,0,Current,storm,1153.096384,0.042517751,0.0000368727,-1153.053866,0,-1153.053866
NBA,50,0,Current,wave,1017.348462,32.61085097,0.0320547504,-984.737611,214.4664538,-770.2711572
CCA,50,0,Current,wave,1153.096384,35.94836532,0.0311755078,-1117.148019,0,-1117.148019
NBA,50,0,Current,erosion,1017.348462,23.50901227,0.0231081219,-993.8394497,214.4664538,-779.3729959
CCA,50,0,Current,erosion,1153.096384,28.74419702,0.0249278355,-1124.352187,0,-1124.352187
NBA,50,0,Current,total,1017.348462,56.16004922,0.0552023729,-961.1884128,214.4664538,-746.721959
CCA,50,0,Current,total,1153.096384,64.73572689,0.0561407769,-1088.360657,0,-1088.360657
NBA,50,0,2030,tide,1017.348462,0.062444324,0.0000613795,-1017.286018,214.4664538,-802.8195639
CCA,50,0,2030,tide,1153.096384,0.077616575,0.0000673114,-1153.018767,0,-1153.018767
NBA,50,0,2030,storm,1017.348462,0.579747816,0.0005698616,-1016.768714,214.4664538,-802.3022604
CCA,50,0,2030,storm,1153.096384,2.497190821,0.0021656393,-1150.599193,0,-1150.599193
NBA,50,0,2030,wave,1017.348462,386.9183833,0.3803204091,-630.4300787,214.4664538,-415.9636249
CCA,50,0,2030,wave,1153.096384,413.600412,0.3586867653,-739.495972,0,-739.495972
NBA,50,0,2030,erosion,1017.348462,352.6351841,0.3466218284,-664.7132779,214.4664538,-450.2468241
CCA,50,0,2030,erosion,1153.096384,431.1629554,0.3739175331,-721.9334286,0,-721.9334286
NBA,50,0,2030,total,1017.348462,740.1957595,0.7275734786,-277.1527025,214.4664538,-62.68624869
CCA,50,0,2030,total,1153.096384,847.3381748,0.7348372491,-305.7582092,0,-305.7582092
NBA,50,0,2060,tide,1017.348462,0.055159153,0.0000542185,-1017.293303,214.4664538,-802.826849
CCA,50,0,2060,tide,1153.096384,0.068561308,0.0000594584,-1153.027823,0,-1153.027823
NBA,50,0,2060,storm,1017.348462,0.565606217,0.0005559611,-1016.782856,214.4664538,-802.316402
CCA,50,0,2060,storm,1153.096384,2.239188912,0.0019418922,-1150.857195,0,-1150.857195
NBA,50,0,2060,wave,1017.348462,386.9072209,0.3803094370,-630.4412411,214.4664538,-415.9747873
CCA,50,0,2060,wave,1153.096384,415.2603483,0.3601263121,-737.8360357,0,-737.8360357
NBA,50,0,2060,erosion,1017.348462,23.50901227,0.0231081219,-993.8394497,214.4664538,-779.3729959
CCA,50,0,2060,erosion,1153.096384,28.74419702,0.0249278355,-1124.352187,0,-1124.352187
NBA,50,0,2060,total,1017.348462,411.0369985,0.4040277386,-606.3114635,214.4664538,-391.8450097
CCA,50,0,2060,total,1153.096384,446.3122955,0.3870554983,-706.7840885,0,-706.7840885
NBA,50,0,2100,tide,1017.348462,0.055159153,0.0000542185,-1017.293303,214.4664538,-802.826849
CCA,50,0,2100,tide,1153.096384,2055.283641,1.7824040293,902.187257,0,902.187257
NBA,50,0,2100,storm,1017.348462,56.51125363,0.0555475884,-960.8372084,214.4664538,-746.3707545
CCA,50,0,2100,storm,1153.096384,181.8396807,0.1576968614,-971.2567033,0,-971.2567033
NBA,50,0,2100,wave,1017.348462,3452.412388,3.3935396940,2435.063926,214.4664538,2649.53038
CCA,50,0,2100,wave,1153.096384,3650.824362,3.1661051170,2497.727978,0,2497.727978
NBA,50,0,2100,erosion,1017.348462,1290.901568,1.2688883070,273.5531055,214.4664538,488.0195594
CCA,50,0,2100,erosion,1153.096384,1550.213579,1.3443920215,397.1171947,0,397.1171947
NBA,50,0,2100,total,1017.348462,6472.676519,6.3623003926,5455.328057,214.4664538,5669.794511
CCA,50,0,2100,total,1153.096384,7438.161262,6.4505980292,6285.064878,0,6285.064878
NBA,75,0,Current,tide,1017.348462,0.000520369,0.0000005115,-1017.347942,214.4664538,-802.8814878
CCA,75,0,Current,tide,1153.096384,0.000646805,0.0000005609,-1153.095737,0,-1153.095737
NBA,75,0,Current,storm,1017.348462,0.026443737,0.0000259928,-1017.322018,214.4664538,-802.8555644
CCA,75,0,Current,storm,1153.096384,0.028345167,0.0000245818,-1153.068039,0,-1153.068039
NBA,75,0,Current,wave,1017.348462,21.74056731,0.0213698336,-995.6078947,214.4664538,-781.1414409
CCA,75,0,Current,wave,1153.096384,23.96557688,0.0207836719,-1129.130807,0,-1129.130807
NBA,75,0,Current,erosion,1017.348462,23.50901227,0.0231081219,-993.8394497,214.4664538,-779.3729959
CCA,75,0,Current,erosion,1153.096384,28.74419702,0.0249278355,-1124.352187,0,-1124.352187
NBA,75,0,Current,total,1017.348462,45.27654369,0.0445044598,-972.0719183,214.4664538,-757.6054645
CCA,75,0,Current,total,1153.096384,52.73876587,0.0457366501,-1100.357618,0,-1100.357618
NBA,75,0,2030,tide,1017.348462,0.062444324,0.0000613795,-1017.286018,214.4664538,-802.8195639
CCA,75,0,2030,tide,1153.096384,0.077616575,0.0000673114,-1153.018767,0,-1153.018767
NBA,75,0,2030,storm,1017.348462,0.386498544,0.0003799077,-1016.961963,214.4664538,-802.4955096
CCA,75,0,2030,storm,1153.096384,1.66479388,0.0014437595,-1151.43159,0,-1151.43159
NBA,75,0,2030,wave,1017.348462,257.9455889,0.2535469394,-759.4028731,214.4664538,-544.9364193
CCA,75,0,2030,wave,1153.096384,275.733608,0.2391245102,-877.362776,0,-877.362776
NBA,75,0,2030,erosion,1017.348462,352.6351841,0.3466218284,-664.7132779,214.4664538,-450.2468241
CCA,75,0,2030,erosion,1153.096384,431.1629554,0.3739175331,-721.9334286,0,-721.9334286
NBA,75,0,2030,total,1017.348462,611.0297158,0.6006100551,-406.3187462,214.4664538,-191.8522924
CCA,75,0,2030,total,1153.096384,708.6389738,0.6145531142,-444.4574102,0,-444.4574102
NBA,75,0,2060,tide,1017.348462,0.055159153,0.0000542185,-1017.293303,214.4664538,-802.826849
CCA,75,0,2060,tide,1153.096384,0.068561308,0.0000594584,-1153.027823,0,-1153.027823
NBA,75,0,2060,storm,1017.348462,0.377070811,0.0003706408,-1016.971391,214.4664538,-802.5049374
CCA,75,0,2060,storm,1153.096384,1.492792608,0.0012945948,-1151.603591,0,-1151.603591
NBA,75,0,2060,wave,1017.348462,257.9381472,0.2535396247,-759.4103148,214.4664538,-544.9438609
CCA,75,0,2060,wave,1153.096384,276.8402322,0.2400842081,-876.2561518,0,-876.2561518
NBA,75,0,2060,erosion,1017.348462,23.50901227,0.0231081219,-993.8394497,214.4664538,-779.3729959
CCA,75,0,2060,erosion,1153.096384,28.74419702,0.0249278355,-1124.352187,0,-1124.352187
NBA,75,0,2060,total,1017.348462,281.8793895,0.2770726059,-735.4690725,214.4664538,-521.0026187
CCA,75,0,2060,total,1153.096384,307.1457831,0.2663660969,-845.9506009,0,-845.9506009
NBA,75,0,2100,tide,1017.348462,0.055159153,0.0000542185,-1017.293303,214.4664538,-802.826849
CCA,75,0,2100,tide,1153.096384,2055.283641,1.7824040293,902.187257,0,902.187257
NBA,75,0,2100,storm,1017.348462,37.67416909,0.0370317256,-979.6742929,214.4664538,-765.2078391
CCA,75,0,2100,storm,1153.096384,121.2264538,0.1051312410,-1031.86993,0,-1031.86993
NBA,75,0,2100,wave,1017.348462,2301.608259,2.2623597960,1284.259797,214.4664538,1498.726251
CCA,75,0,2100,wave,1153.096384,2433.882908,2.1107367447,1280.786524,0,1280.786524
NBA,75,0,2100,erosion,1017.348462,1290.901568,1.2688883070,273.5531055,214.4664538,488.0195594
CCA,75,0,2100,erosion,1153.096384,1550.213579,1.3443920215,397.1171947,0,397.1171947
NBA,75,0,2100,total,1017.348462,5303.035305,5.2126046318,4285.686843,214.4664538,4500.153297
CCA,75,0,2100,total,1153.096384,6160.606581,5.3426640364,5007.510197,0,5007.510197
NBA,100,0,Current,tide,1017.348462,0.000520369,0.0000005115,-1017.347942,214.4664538,-802.8814878
CCA,100,0,Current,tide,1153.096384,0.000646805,0.0000005609,-1153.095737,0,-1153.095737
NBA,100,0,Current,storm,1017.348462,0.019832803,0.0000194946,-1017.328629,214.4664538,-802.8621754
CCA,100,0,Current,storm,1153.096384,0.021258875,0.0000184363,-1153.075125,0,-1153.075125
NBA,100,0,Current,wave,1017.348462,16.30542548,0.0160273752,-1001.043037,214.4664538,-786.5765827
CCA,100,0,Current,wave,1153.096384,17.97418266,0.0155877539,-1135.122201,0,-1135.122201
NBA,100,0,Current,erosion,1017.348462,23.50901227,0.0231081219,-993.8394497,214.4664538,-779.3729959
CCA,100,0,Current,erosion,1153.096384,28.74419702,0.0249278355,-1124.352187,0,-1124.352187
NBA,100,0,Current,total,1017.348462,39.83479093,0.0391555032,-977.5136711,214.4664538,-763.0472172
CCA,100,0,Current,total,1153.096384,46.74028536,0.0405345867,-1106.356099,0,-1106.356099
NBA,100,0,2030,tide,1017.348462,0.062444324,0.0000613795,-1017.286018,214.4664538,-802.8195639
CCA,100,0,2030,tide,1153.096384,0.077616575,0.0000673114,-1153.018767,0,-1153.018767
NBA,100,0,2030,storm,1017.348462,0.289873908,0.0002849308,-1017.058588,214.4664538,-802.5921343
CCA,100,0,2030,storm,1153.096384,1.24859541,0.0010828196,-1151.847789,0,-1151.847789
NBA,100,0,2030,wave,1017.348462,193.4591916,0.1901602046,-823.8892704,214.4664538,-609.4228165
CCA,100,0,2030,wave,1153.096384,206.800206,0.1793433826,-946.296178,0,-946.296178
NBA,100,0,2030,erosion,1017.348462,352.6351841,0.3466218284,-664.7132779,214.4664538,-450.2468241
CCA,100,0,2030,erosion,1153.096384,431.1629554,0.3739175331,-721.9334286,0,-721.9334286
NBA,100,0,2030,total,1017.348462,546.4466939,0.5371283433,-470.9017681,214.4664538,-256.4353142
CCA,100,0,2030,total,1153.096384,639.2893733,0.5544110468,-513.8070107,0,-513.8070107
NBA,100,0,2060,tide,1017.348462,0.055159153,0.0000542185,-1017.293303,214.4664538,-802.826849
CCA,100,0,2060,tide,1153.096384,0.068561308,0.0000594584,-1153.027823,0,-1153.027823
NBA,100,0,2060,storm,1017.348462,0.282803108,0.0002779806,-1017.065659,214.4664538,-802.5992051
CCA,100,0,2060,storm,1153.096384,1.119594456,0.0009709461,-1151.97679,0,-1151.97679
NBA,100,0,2060,wave,1017.348462,193.4536104,0.1901547185,-823.8948516,214.4664538,-609.4283977
CCA,100,0,2060,wave,1153.096384,207.6301741,0.1800631560,-945.4662099,0,-945.4662099
NBA,100,0,2060,erosion,1017.348462,23.50901227,0.0231081219,-993.8394497,214.4664538,-779.3729959
CCA,100,0,2060,erosion,1153.096384,28.74419702,0.0249278355,-1124.352187,0,-1124.352187
NBA,100,0,2060,total,1017.348462,217.300585,0.2135950395,-800.047877,214.4664538,-585.5814232
CCA,100,0,2060,total,1153.096384,237.5625269,0.2060213961,-915.5338571,0,-915.5338571
NBA,100,0,2100,tide,1017.348462,0.055159153,0.0000542185,-1017.293303,214.4664538,-802.826849
CCA,100,0,2100,tide,1153.096384,2055.283641,1.7824040293,902.187257,0,902.187257
NBA,100,0,2100,storm,1017.348462,28.25562682,0.0277737942,-989.0928352,214.4664538,-774.6263814
CCA,100,0,2100,storm,1153.096384,90.91984035,0.0788484307,-1062.176544,0,-1062.176544
NBA,100,0,2100,wave,1017.348462,1726.206194,1.6967698470,708.8577322,214.4664538,923.324186
CCA,100,0,2100,wave,1153.096384,1825.412181,1.5830525585,672.3157969,0,672.3157969
NBA,100,0,2100,erosion,1017.348462,1290.901568,1.2688883070,273.5531055,214.4664538,488.0195594
CCA,100,0,2100,erosion,1153.096384,1550.213579,1.3443920215,397.1171947,0,397.1171947
NBA,100,0,2100,total,1017.348462,4718.214698,4.6377567514,3700.866236,214.4664538,3915.33269
CCA,100,0,2100,total,1153.096384,5521.829241,4.7886970400,4368.732857,0,4368.732857
NBA,200,0,Current,tide,1017.348462,0.000520369,0.0000005115,-1017.347942,214.4664538,-802.8814878
CCA,200,0,Current,tide,1153.096384,0.000646805,0.0000005609,-1153.095737,0,-1153.095737
NBA,200,0,Current,storm,1017.348462,0.009916401,0.0000097473,-1017.338546,214.4664538,-802.8720918
CCA,200,0,Current,storm,1153.096384,0.010629438,0.0000092182,-1153.085755,0,-1153.085755
NBA,200,0,Current,wave,1017.348462,8.152712742,0.0080136876,-1009.195749,214.4664538,-794.7292954
CCA,200,0,Current,wave,1153.096384,8.987091329,0.0077938770,-1144.109293,0,-1144.109293
NBA,200,0,Current,erosion,1017.348462,23.50901227,0.0231081219,-993.8394497,214.4664538,-779.3729959
CCA,200,0,Current,erosion,1153.096384,28.74419702,0.0249278355,-1124.352187,0,-1124.352187
NBA,200,0,Current,total,1017.348462,31.67216178,0.0311320683,-985.6763002,214.4664538,-771.2098464
CCA,200,0,Current,total,1153.096384,37.74256459,0.0327314916,-1115.353819,0,-1115.353819
NBA,200,0,2030,tide,1017.348462,0.062444324,0.0000613795,-1017.286018,214.4664538,-802.8195639
CCA,200,0,2030,tide,1153.096384,0.077616575,0.0000673114,-1153.018767,0,-1153.018767
NBA,200,0,2030,storm,1017.348462,0.144936954,0.0001424654,-1017.203525,214.4664538,-802.7370712
CCA,200,0,2030,storm,1153.096384,0.624297705,0.0005414098,-1152.472086,0,-1152.472086
NBA,200,0,2030,wave,1017.348462,96.72959582,0.0950801023,-920.6188662,214.4664538,-706.1524124
CCA,200,0,2030,wave,1153.096384,103.400103,0.0896716913,-1049.696281,0,-1049.696281
NBA,200,0,2030,erosion,1017.348462,352.6351841,0.3466218284,-664.7132779,214.4664538,-450.2468241
CCA,200,0,2030,erosion,1153.096384,431.1629554,0.3739175331,-721.9334286,0,-721.9334286
NBA,200,0,2030,total,1017.348462,449.5721612,0.4419057756,-567.7763008,214.4664538,-353.309847
CCA,200,0,2030,total,1153.096384,535.2649726,0.4641979457,-617.8314114,0,-617.8314114
NBA,200,0,2060,tide,1017.348462,0.055159153,0.0000542185,-1017.293303,214.4664538,-802.826849
CCA,200,0,2060,tide,1153.096384,0.068561308,0.0000594584,-1153.027823,0,-1153.027823
NBA,200,0,2060,storm,1017.348462,0.141401554,0.0001389903,-1017.20706,214.4664538,-802.7406066
CCA,200,0,2060,storm,1153.096384,0.559797228,0.0004854731,-1152.536587,0,-1152.536587
NBA,200,0,2060,wave,1017.348462,96.72680522,0.0950773593,-920.6216568,214.4664538,-706.155203
CCA,200,0,2060,wave,1153.096384,103.8150871,0.0900315780,-1049.281297,0,-1049.281297
NBA,200,0,2060,erosion,1017.348462,23.50901227,0.0231081219,-993.8394497,214.4664538,-779.3729959
CCA,200,0,2060,erosion,1153.096384,28.74419702,0.0249278355,-1124.352187,0,-1124.352187
NBA,200,0,2060,total,1017.348462,120.4323782,0.1183786900,-896.9160838,214.4664538,-682.44963
CCA,200,0,2060,total,1153.096384,133.1876426,0.1155043451,-1019.908741,0,-1019.908741
NBA,200,0,2100,tide,1017.348462,0.055159153,0.0000542185,-1017.293303,214.4664538,-802.826849
CCA,200,0,2100,tide,1153.096384,2055.283641,1.7824040293,902.187257,0,902.187257
NBA,200,0,2100,storm,1017.348462,14.12781341,0.0138868971,-1003.220649,214.4664538,-788.7541948
CCA,200,0,2100,storm,1153.096384,45.45992017,0.0394242154,-1107.636464,0,-1107.636464
NBA,200,0,2100,wave,1017.348462,863.1030971,0.8483849235,-154.2453649,214.4664538,60.22108893
CCA,200,0,2100,wave,1153.096384,912.7060904,0.7915262792,-240.3902936,0,-240.3902936
NBA,200,0,2100,erosion,1017.348462,1290.901568,1.2688883070,273.5531055,214.4664538,488.0195594
CCA,200,0,2100,erosion,1153.096384,1550.213579,1.3443920215,397.1171947,0,397.1171947
NBA,200,0,2100,total,1017.348462,3840.983788,3.7754849308,2823.635326,214.4664538,3038.10178
CCA,200,0,2100,total,1153.096384,4563.66323,3.9577465454,3410.566846,0,3410.566846
NBA,20,1,Current,tide,1017.348462,0.000515217,0.0000005064,-1017.347947,138.7823336,-878.5656132
CCA,20,1,Current,tide,1153.096384,0.000640401,0.0000005554,-1153.095744,0,-1153.095744
NBA,20,1,Current,storm,1017.348462,0.098644105,0.0000969620,-1017.249818,138.7823336,-878.4674843
CCA,20,1,Current,storm,1153.096384,0.105529809,0.0000915186,-1152.990854,0,-1152.990854
NBA,20,1,Current,wave,1017.348462,81.10960103,0.0797264694,-936.238861,138.7823336,-797.4565274
CCA,20,1,Current,wave,1153.096384,89.41208302,0.0775408580,-1063.684301,0,-1063.684301
NBA,20,1,Current,erosion,1017.348462,23.27624977,0.0228793286,-994.0722122,138.7823336,-855.2898786
CCA,20,1,Current,erosion,1153.096384,28.45960101,0.0246810253,-1124.636783,0,-1124.636783
NBA,20,1,Current,total,1017.348462,104.4850101,0.1027032664,-912.8634519,138.7823336,-774.0811183
CCA,20,1,Current,total,1153.096384,117.9778542,0.1023139573,-1035.11853,0,-1035.11853
NBA,20,1,2030,tide,1017.348462,0.056379987,0.0000554186,-1017.292082,138.7823336,-878.5097484
CCA,20,1,2030,tide,1153.096384,0.070078772,0.0000607744,-1153.026305,0,-1153.026305
NBA,20,1,2030,storm,1017.348462,1.328156053,0.0013055075,-1016.020306,138.7823336,-877.2379723
CCA,20,1,2030,storm,1153.096384,5.64886359,0.0048988651,-1147.44752,0,-1147.44752
NBA,20,1,2030,wave,1017.348462,889.843044,0.8746688841,-127.505418,138.7823336,11.27691557
CCA,20,1,2030,wave,1153.096384,951.817712,0.8254450584,-201.278672,0,-201.278672
NBA,20,1,2030,erosion,1017.348462,325.9536898,0.3203953237,-691.3947722,138.7823336,-552.6124386
CCA,20,1,2030,erosion,1153.096384,398.5398013,0.3456257489,-754.5565827,0,-754.5565827
NBA,20,1,2030,total,1017.348462,1217.18127,1.1964251338,199.8328078,138.7823336,338.6151414
CCA,20,1,2030,total,1153.096384,1356.076456,1.1760304468,202.9800717,0,202.9800717
NBA,20,1,2060,tide,1017.348462,0.050238473,0.0000493818,-1017.298224,138.7823336,-878.5158899
CCA,20,1,2060,tide,1153.096384,0.062445039,0.0000541542,-1153.033939,0,-1153.033939
NBA,20,1,2060,storm,1017.348462,1.312080337,0.0012897059,-1016.036382,138.7823336,-877.2540481
CCA,20,1,2060,storm,1153.096384,5.113669511,0.0044347286,-1147.982714,0,-1147.982714
NBA,20,1,2060,wave,1017.348462,901.4007784,0.8860295288,-115.9476836,138.7823336,22.83465001
CCA,20,1,2060,wave,1153.096384,968.1250417,0.8395872670,-184.9713423,0,-184.9713423
NBA,20,1,2060,erosion,1017.348462,48.49515676,0.0476681870,-968.8533052,138.7823336,-830.0709716
CCA,20,1,2060,erosion,1153.096384,59.29446651,0.0514219517,-1093.801917,0,-1093.801917
NBA,20,1,2060,total,1017.348462,951.258254,0.9350368035,-66.09020802,138.7823336,72.69212559
CCA,20,1,2060,total,1153.096384,1032.595623,0.8954981015,-120.5007613,0,-120.5007613
NBA,20,1,2100,tide,1017.348462,0.050238473,0.0000493818,-1017.298224,138.7823336,-878.5158899
CCA,20,1,2100,tide,1153.096384,999.6081833,0.8668903980,-153.4882007,0,-153.4882007
NBA,20,1,2100,storm,1017.348462,73.93446234,0.0726736857,-943.4139997,138.7823336,-804.631666
CCA,20,1,2100,storm,1153.096384,242.0282194,0.2098941795,-911.0681646,0,-911.0681646
NBA,20,1,2100,wave,1017.348462,5426.560119,5.3340230229,4409.211657,138.7823336,4547.99399
CCA,20,1,2100,wave,1153.096384,5736.327643,4.9747165304,4583.231259,0,4583.231259
NBA,20,1,2100,erosion,1017.348462,806.2251334,0.7924768784,-211.1233286,138.7823336,-72.34099502
CCA,20,1,2100,erosion,1153.096384,970.2638207,0.8414420808,-182.8325633,0,-182.8325633
NBA,20,1,2100,total,1017.348462,7120.732021,6.9993048467,6103.383559,138.7823336,6242.165892
CCA,20,1,2100,total,1153.096384,7948.227866,6.8929431888,6795.131482,0,6795.131482
NBA,50,1,Current,tide,1017.348462,0.000515217,0.0000005064,-1017.347947,138.7823336,-878.5656132
CCA,50,1,Current,tide,1153.096384,0.000640401,0.0000005554,-1153.095744,0,-1153.095744
NBA,50,1,Current,storm,1017.348462,0.039457642,0.0000387848,-1017.309004,138.7823336,-878.5266707
CCA,50,1,Current,storm,1153.096384,0.042211924,0.0000366075,-1153.054172,0,-1153.054172
NBA,50,1,Current,wave,1017.348462,32.44384041,0.0318905878,-984.9046216,138.7823336,-846.122288
CCA,50,1,Current,wave,1153.096384,35.76483321,0.0310163432,-1117.331551,0,-1117.331551
NBA,50,1,Current,erosion,1017.348462,23.27624977,0.0228793286,-994.0722122,138.7823336,-855.2898786
CCA,50,1,Current,erosion,1153.096384,28.45960101,0.0246810253,-1124.636783,0,-1124.636783
NBA,50,1,Current,total,1017.348462,55.76006304,0.0548092076,-961.588399,138.7823336,-822.8060653
CCA,50,1,Current,total,1153.096384,64.26728655,0.0557345313,-1088.829097,0,-1088.829097
NBA,50,1,2030,tide,1017.348462,0.056379987,0.0000554186,-1017.292082,138.7823336,-878.5097484
CCA,50,1,2030,tide,1153.096384,0.070078772,0.0000607744,-1153.026305,0,-1153.026305
NBA,50,1,2030,storm,1017.348462,0.531262421,0.0005222030,-1016.8172,138.7823336,-878.034866
CCA,50,1,2030,storm,1153.096384,2.259545436,0.0019595460,-1150.836839,0,-1150.836839
NBA,50,1,2030,wave,1017.348462,355.9372176,0.3498675536,-661.4112444,138.7823336,-522.6289108
CCA,50,1,2030,wave,1153.096384,380.7270848,0.3301780234,-772.3692992,0,-772.3692992
NBA,50,1,2030,erosion,1017.348462,325.9536898,0.3203953237,-691.3947722,138.7823336,-552.6124386
CCA,50,1,2030,erosion,1153.096384,398.5398013,0.3456257489,-754.5565827,0,-754.5565827
NBA,50,1,2030,total,1017.348462,682.4785498,0.6708404989,-334.8699122,138.7823336,-196.0875786
CCA,50,1,2030,total,1153.096384,781.5965103,0.6778240927,-371.4998737,0,-371.4998737
NBA,50,1,2060,tide,1017.348462,0.050238473,0.0000493818,-1017.298224,138.7823336,-878.5158899
CCA,50,1,2060,tide,1153.096384,0.062445039,0.0000541542,-1153.033939,0,-1153.033939
NBA,50,1,2060,storm,1017.348462,0.524832135,0.0005158824,-1016.82363,138.7823336,-878.0412963
CCA,50,1,2060,storm,1153.096384,2.045467804,0.0017738914,-1151.050916,0,-1151.050916
NBA,50,1,2060,wave,1017.348462,360.5603114,0.3544118115,-656.7881506,138.7823336,-518.005817
CCA,50,1,2060,wave,1153.096384,387.2500167,0.3358349068,-765.8463673,0,-765.8463673
NBA,50,1,2060,erosion,1017.348462,48.49515676,0.0476681870,-968.8533052,138.7823336,-830.0709716
CCA,50,1,2060,erosion,1153.096384,59.29446651,0.0514219517,-1093.801917,0,-1093.801917
NBA,50,1,2060,total,1017.348462,409.6305387,0.4026452627,-607.7179233,138.7823336,-468.9355897
CCA,50,1,2060,total,1153.096384,448.652396,0.3890849041,-704.443988,0,-704.443988
NBA,50,1,2100,tide,1017.348462,0.050238473,0.0000493818,-1017.298224,138.7823336,-878.5158899
CCA,50,1,2100,tide,1153.096384,999.6081833,0.8668903980,-153.4882007,0,-153.4882007
NBA,50,1,2100,storm,1017.348462,29.57378494,0.0290694743,-987.7746771,138.7823336,-848.9923435
CCA,50,1,2100,storm,1153.096384,96.81128777,0.0839576718,-1056.285096,0,-1056.285096
NBA,50,1,2100,wave,1017.348462,2170.624047,2.1336092092,1153.275585,138.7823336,1292.057919
CCA,50,1,2100,wave,1153.096384,2294.531057,1.9898866122,1141.434673,0,1141.434673
NBA,50,1,2100,erosion,1017.348462,806.2251334,0.7924768784,-211.1233286,138.7823336,-72.34099502
CCA,50,1,2100,erosion,1153.096384,970.2638207,0.8414420808,-182.8325633,0,-182.8325633
NBA,50,1,2100,total,1017.348462,3820.435272,3.7552868216,2803.08681,138.7823336,2941.869144
CCA,50,1,2100,total,1153.096384,4361.214349,3.7821767628,3208.117965,0,3208.117965
NBA,75,1,Current,tide,1017.348462,0.000515217,0.0000005064,-1017.347947,138.7823336,-878.5656132
CCA,75,1,Current,tide,1153.096384,0.000640401,0.0000005554,-1153.095744,0,-1153.095744
NBA,75,1,Current,storm,1017.348462,0.026305095,0.0000258565,-1017.322157,138.7823336,-878.5398233
CCA,75,1,Current,storm,1153.096384,0.028141282,0.0000244050,-1153.068243,0,-1153.068243
NBA,75,1,Current,wave,1017.348462,21.62922694,0.0212603918,-995.7192351,138.7823336,-856.9369014
CCA,75,1,Current,wave,1153.096384,23.84322214,0.0206775621,-1129.253162,0,-1129.253162
NBA,75,1,Current,erosion,1017.348462,23.27624977,0.0228793286,-994.0722122,138.7823336,-855.2898786
CCA,75,1,Current,erosion,1153.096384,28.45960101,0.0246810253,-1124.636783,0,-1124.636783
NBA,75,1,Current,total,1017.348462,44.93229703,0.0441660834,-972.416165,138.7823336,-833.6338314
CCA,75,1,Current,total,1153.096384,52.33160484,0.0453835478,-1100.764779,0,-1100.764779
NBA,75,1,2030,tide,1017.348462,0.056379987,0.0000554186,-1017.292082,138.7823336,-878.5097484
CCA,75,1,2030,tide,1153.096384,0.070078772,0.0000607744,-1153.026305,0,-1153.026305
NBA,75,1,2030,storm,1017.348462,0.354174948,0.0003481353,-1016.994287,138.7823336,-878.2119534
CCA,75,1,2030,storm,1153.096384,1.506363624,0.0013063640,-1151.59002,0,-1151.59002
NBA,75,1,2030,wave,1017.348462,237.2914784,0.2332450357,-780.0569836,138.7823336,-641.27465
CCA,75,1,2030,wave,1153.096384,253.8180565,0.2201186822,-899.2783275,0,-899.2783275
NBA,75,1,2030,erosion,1017.348462,325.9536898,0.3203953237,-691.3947722,138.7823336,-552.6124386
CCA,75,1,2030,erosion,1153.096384,398.5398013,0.3456257489,-754.5565827,0,-754.5565827
NBA,75,1,2030,total,1017.348462,563.6557231,0.5540439133,-453.6927389,138.7823336,-314.9104053
CCA,75,1,2030,total,1153.096384,653.9343002,0.5671115696,-499.1620838,0,-499.1620838
NBA,75,1,2060,tide,1017.348462,0.050238473,0.0000493818,-1017.298224,138.7823336,-878.5158899
CCA,75,1,2060,tide,1153.096384,0.062445039,0.0000541542,-1153.033939,0,-1153.033939
NBA,75,1,2060,storm,1017.348462,0.34988809,0.0003439216,-1016.998574,138.7823336,-878.2162403
CCA,75,1,2060,storm,1153.096384,1.363645203,0.0011825943,-1151.732739,0,-1151.732739
NBA,75,1,2060,wave,1017.348462,240.3735409,0.2362745410,-776.9749211,138.7823336,-638.1925875
CCA,75,1,2060,wave,1153.096384,258.1666778,0.2238899379,-894.9297062,0,-894.9297062
NBA,75,1,2060,erosion,1017.348462,48.49515676,0.0476681870,-968.8533052,138.7823336,-830.0709716
CCA,75,1,2060,erosion,1153.096384,59.29446651,0.0514219517,-1093.801917,0,-1093.801917
NBA,75,1,2060,total,1017.348462,289.2688242,0.2843360314,-728.0796378,138.7823336,-589.2973042
CCA,75,1,2060,total,1153.096384,318.8872345,0.2765486380,-834.2091495,0,-834.2091495
NBA,75,1,2100,tide,1017.348462,0.050238473,0.0000493818,-1017.298224,138.7823336,-878.5158899
CCA,75,1,2100,tide,1153.096384,999.6081833,0.8668903980,-153.4882007,0,-153.4882007
NBA,75,1,2100,storm,1017.348462,19.71585663,0.0193796495,-997.6326054,138.7823336,-858.8502718
CCA,75,1,2100,storm,1153.096384,64.54085852,0.0559717812,-1088.555525,0,-1088.555525
NBA,75,1,2100,wave,1017.348462,1447.082698,1.4224061394,429.7342363,138.7823336,568.5165699
CCA,75,1,2100,wave,1153.096384,1529.687371,1.3265910748,376.5909874,0,376.5909874
NBA,75,1,2100,erosion,1017.348462,806.2251334,0.7924768784,-211.1233286,138.7823336,-72.34099502
CCA,75,1,2100,erosion,1153.096384,970.2638207,0.8414420808,-182.8325633,0,-182.8325633
NBA,75,1,2100,total,1017.348462,3087.035995,3.0343939271,2069.687533,138.7823336,2208.469866
CCA,75,1,2100,total,1153.096384,3564.100234,3.0908953348,2411.00385,0,2411.00385
NBA,100,1,Current,tide,1017.348462,0.000515217,0.0000005064,-1017.347947,138.7823336,-878.5656132
CCA,100,1,Current,tide,1153.096384,0.000640401,0.0000005554,-1153.095744,0,-1153.095744
NBA,100,1,Current,storm,1017.348462,0.019728821,0.0000193924,-1017.328733,138.7823336,-878.5463996
CCA,100,1,Current,storm,1153.096384,0.021105962,0.0000183037,-1153.075278,0,-1153.075278
NBA,100,1,Current,wave,1017.348462,16.22192021,0.0159452939,-1001.126542,138.7823336,-862.3442082
CCA,100,1,Current,wave,1153.096384,17.8824166,0.0155081716,-1135.213967,0,-1135.213967
NBA,100,1,Current,erosion,1017.348462,23.27624977,0.0228793286,-994.0722122,138.7823336,-855.2898786
CCA,100,1,Current,erosion,1153.096384,28.45960101,0.0246810253,-1124.636783,0,-1124.636783
NBA,100,1,Current,total,1017.348462,39.51841402,0.0388445213,-977.830048,138.7823336,-839.0477144
CCA,100,1,Current,total,1153.096384,46.36376398,0.0402080560,-1106.73262,0,-1106.73262
NBA,100,1,2030,tide,1017.348462,0.056379987,0.0000554186,-1017.292082,138.7823336,-878.5097484
CCA,100,1,2030,tide,1153.096384,0.070078772,0.0000607744,-1153.026305,0,-1153.026305
NBA,100,1,2030,storm,1017.348462,0.265631211,0.0002611015,-1017.082831,138.7823336,-878.3004972
CCA,100,1,2030,storm,1153.096384,1.129772718,0.0009797730,-1151.966611,0,-1151.966611
NBA,100,1,2030,wave,1017.348462,177.9686088,0.1749337768,-839.3798532,138.7823336,-700.5975196
CCA,100,1,2030,wave,1153.096384,190.3635424,0.1650890117,-962.7328416,0,-962.7328416
NBA,100,1,2030,erosion,1017.348462,325.9536898,0.3203953237,-691.3947722,138.7823336,-552.6124386
CCA,100,1,2030,erosion,1153.096384,398.5398013,0.3456257489,-754.5565827,0,-754.5565827
NBA,100,1,2030,total,1017.348462,504.2443098,0.4956456205,-513.1041522,138.7823336,-374.3218186
CCA,100,1,2030,total,1153.096384,590.1031952,0.5117553080,-562.9931888,0,-562.9931888
NBA,100,1,2060,tide,1017.348462,0.050238473,0.0000493818,-1017.298224,138.7823336,-878.5158899
CCA,100,1,2060,tide,1153.096384,0.062445039,0.0000541542,-1153.033939,0,-1153.033939
NBA,100,1,2060,storm,1017.348462,0.262416067,0.0002579412,-1017.086046,138.7823336,-878.3037123
CCA,100,1,2060,storm,1153.096384,1.022733902,0.0008869457,-1152.07365,0,-1152.07365
NBA,100,1,2060,wave,1017.348462,180.2801557,0.1772059058,-837.0683063,138.7823336,-698.2859727
CCA,100,1,2060,wave,1153.096384,193.6250083,0.1679174534,-959.4713757,0,-959.4713757
NBA,100,1,2060,erosion,1017.348462,48.49515676,0.0476681870,-968.8533052,138.7823336,-830.0709716
CCA,100,1,2060,erosion,1153.096384,59.29446651,0.0514219517,-1093.801917,0,-1093.801917
NBA,100,1,2060,total,1017.348462,229.087967,0.2251814158,-788.260495,138.7823336,-649.4781614
CCA,100,1,2060,total,1153.096384,254.0046538,0.2202805050,-899.0917302,0,-899.0917302
NBA,100,1,2100,tide,1017.348462,0.050238473,0.0000493818,-1017.298224,138.7823336,-878.5158899
CCA,100,1,2100,tide,1153.096384,999.6081833,0.8668903980,-153.4882007,0,-153.4882007
NBA,100,1,2100,storm,1017.348462,14.78689247,0.0145347371,-1002.56157,138.7823336,-863.7792359
CCA,100,1,2100,storm,1153.096384,48.40564389,0.0419788359,-1104.69074,0,-1104.69074
NBA,100,1,2100,wave,1017.348462,1085.312024,1.0668046046,67.96356172,138.7823336,206.7458953
CCA,100,1,2100,wave,1153.096384,1147.265529,0.9949433061,-5.83085547,0,-5.83085547
NBA,100,1,2100,erosion,1017.348462,806.2251334,0.7924768784,-211.1233286,138.7823336,-72.34099502
CCA,100,1,2100,erosion,1153.096384,970.2638207,0.8414420808,-182.8325633,0,-182.8325633
NBA,100,1,2100,total,1017.348462,2720.336356,2.6739474799,1702.987894,138.7823336,1841.770228
CCA,100,1,2100,total,1153.096384,3165.543176,2.7452546208,2012.446792,0,2012.446792
NBA,200,1,Current,tide,1017.348462,0.000515217,0.0000005064,-1017.347947,138.7823336,-878.5656132
CCA,200,1,Current,tide,1153.096384,0.000640401,0.0000005554,-1153.095744,0,-1153.095744
NBA,200,1,Current,storm,1017.348462,0.009864411,0.0000096962,-1017.338598,138.7823336,-878.556264
CCA,200,1,Current,storm,1153.096384,0.010552981,0.0000091519,-1153.085831,0,-1153.085831
NBA,200,1,Current,wave,1017.348462,8.110960103,0.0079726469,-1009.237502,138.7823336,-870.4551683
CCA,200,1,Current,wave,1153.096384,8.941208302,0.0077540858,-1144.155176,0,-1144.155176
NBA,200,1,Current,erosion,1017.348462,23.27624977,0.0228793286,-994.0722122,138.7823336,-855.2898786
CCA,200,1,Current,erosion,1153.096384,28.45960101,0.0246810253,-1124.636783,0,-1124.636783
NBA,200,1,Current,total,1017.348462,31.3975895,0.0308621782,-985.9508725,138.7823336,-847.1685389
CCA,200,1,Current,total,1153.096384,37.4120027,0.0324448183,-1115.684381,0,-1115.684381
NBA,200,1,2030,tide,1017.348462,0.056379987,0.0000554186,-1017.292082,138.7823336,-878.5097484
CCA,200,1,2030,tide,1153.096384,0.070078772,0.0000607744,-1153.026305,0,-1153.026305
NBA,200,1,2030,storm,1017.348462,0.132815605,0.0001305508,-1017.215646,138.7823336,-878.4333128
CCA,200,1,2030,storm,1153.096384,0.564886359,0.0004898865,-1152.531498,0,-1152.531498
NBA,200,1,2030,wave,1017.348462,88.9843044,0.0874668884,-928.3641576,138.7823336,-789.581824
CCA,200,1,2030,wave,1153.096384,95.1817712,0.0825445058,-1057.914613,0,-1057.914613
NBA,200,1,2030,erosion,1017.348462,325.9536898,0.3203953237,-691.3947722,138.7823336,-552.6124386
CCA,200,1,2030,erosion,1153.096384,398.5398013,0.3456257489,-754.5565827,0,-754.5565827
NBA,200,1,2030,total,1017.348462,415.1271898,0.4080481814,-602.2212722,138.7823336,-463.4389386
CCA,200,1,2030,total,1153.096384,494.3565376,0.4287209157,-658.7398464,0,-658.7398464
NBA,200,1,2060,tide,1017.348462,0.050238473,0.0000493818,-1017.298224,138.7823336,-878.5158899
CCA,200,1,2060,tide,1153.096384,0.062445039,0.0000541542,-1153.033939,0,-1153.033939
NBA,200,1,2060,storm,1017.348462,0.131208034,0.0001289706,-1017.217254,138.7823336,-878.4349204
CCA,200,1,2060,storm,1153.096384,0.511366951,0.0004434729,-1152.585017,0,-1152.585017
NBA,200,1,2060,wave,1017.348462,90.14007784,0.0886029529,-927.2083842,138.7823336,-788.4260505
CCA,200,1,2060,wave,1153.096384,96.81250417,0.0839587267,-1056.28388,0,-1056.28388
NBA,200,1,2060,erosion,1017.348462,48.49515676,0.0476681870,-968.8533052,138.7823336,-830.0709716
CCA,200,1,2060,erosion,1153.096384,59.29446651,0.0514219517,-1093.801917,0,-1093.801917
NBA,200,1,2060,total,1017.348462,138.8166811,0.1364494923,-878.5317809,138.7823336,-739.7494473
CCA,200,1,2060,total,1153.096384,156.6807827,0.1358783054,-996.4156013,0,-996.4156013
NBA,200,1,2100,tide,1017.348462,0.050238473,0.0000493818,-1017.298224,138.7823336,-878.5158899
CCA,200,1,2100,tide,1153.096384,999.6081833,0.8668903980,-153.4882007,0,-153.4882007
NBA,200,1,2100,storm,1017.348462,7.393446234,0.0072673686,-1009.955016,138.7823336,-871.1726822
CCA,200,1,2100,storm,1153.096384,24.20282194,0.0209894180,-1128.893562,0,-1128.893562
NBA,200,1,2100,wave,1017.348462,542.6560119,0.5334023023,-474.6924501,138.7823336,-335.9101165
CCA,200,1,2100,wave,1153.096384,573.6327643,0.4974716530,-579.4636197,0,-579.4636197
NBA,200,1,2100,erosion,1017.348462,806.2251334,0.7924768784,-211.1233286,138.7823336,-72.34099502
CCA,200,1,2100,erosion,1153.096384,970.2638207,0.8414420808,-182.8325633,0,-182.8325633
NBA,200,1,2100,total,1017.348462,2170.286898,2.1332778090,1152.938436,138.7823336,1291.72077
CCA,200,1,2100,total,1153.096384,2567.70759,2.2267935498,1414.611206,0,1414.611206
NBA,20,3,Current,tide,1017.348462,0.000505213,0.0000004966,-1017.347957,69.60482584,-947.743131
CCA,20,3,Current,tide,1153.096384,0.000627966,0.0000005446,-1153.095756,0,-1153.095756
NBA,20,3,Current,storm,1017.348462,0.097634573,0.0000959696,-1017.250827,69.60482584,-947.6460016
CCA,20,3,Current,storm,1153.096384,0.10404521,0.0000902311,-1152.992339,0,-1152.992339
NBA,20,3,Current,wave,1017.348462,80.29887016,0.0789295636,-937.0495918,69.60482584,-867.444766
CCA,20,3,Current,wave,1153.096384,88.52115046,0.0767682144,-1064.575234,0,-1064.575234
NBA,20,3,Current,erosion,1017.348462,22.82428376,0.0224350698,-994.5241782,69.60482584,-924.9193524
CCA,20,3,Current,erosion,1153.096384,27.9069874,0.0242017821,-1125.189397,0,-1125.189397
NBA,20,3,Current,total,1017.348462,103.2212937,0.1014610997,-914.1271683,69.60482584,-844.5223425
CCA,20,3,Current,total,1153.096384,116.532811,0.1010607722,-1036.563573,0,-1036.563573
NBA,20,3,2030,tide,1017.348462,0.046280679,0.0000454915,-1017.302181,69.60482584,-947.6973555
CCA,20,3,2030,tide,1153.096384,0.05752561,0.0000498879,-1153.038858,0,-1153.038858
NBA,20,3,2030,storm,1017.348462,1.124564747,0.0011053880,-1016.223897,69.60482584,-946.6190714
CCA,20,3,2030,storm,1153.096384,4.658374052,0.0040398826,-1148.43801,0,-1148.43801
NBA,20,3,2030,wave,1017.348462,759.3989884,0.7464492421,-257.9494736,69.60482584,-188.3446477
CCA,20,3,2030,wave,1153.096384,813.3413751,0.7053541979,-339.7550089,0,-339.7550089
NBA,20,3,2030,erosion,1017.348462,280.6490624,0.2758632592,-736.6993996,69.60482584,-667.0945737
CCA,20,3,2030,erosion,1153.096384,343.1463582,0.2975868825,-809.9500258,0,-809.9500258
NBA,20,3,2030,total,1017.348462,1041.218896,1.0234633807,23.87043431,69.60482584,93.47526015
CCA,20,3,2030,total,1153.096384,1161.203633,1.0070308510,8.107248912,0,8.107248912
NBA,20,3,2060,tide,1017.348462,0.041921737,0.0000412069,-1017.30654,69.60482584,-947.7017144
CCA,20,3,2060,tide,1153.096384,0.052107565,0.0000451893,-1153.044276,0,-1153.044276
NBA,20,3,2060,storm,1017.348462,1.138372141,0.0011189599,-1016.21009,69.60482584,-946.605264
CCA,20,3,2060,storm,1153.096384,4.294234472,0.0037240898,-1148.80215,0,-1148.80215
NBA,20,3,2060,wave,1017.348462,788.875458,0.7754230605,-228.473004,69.60482584,-158.8681781
CCA,20,3,2060,wave,1153.096384,848.443987,0.7357962429,-304.652397,0,-304.652397
NBA,20,3,2060,erosion,1017.348462,83.72275789,0.0822950651,-933.6257041,69.60482584,-864.0208783
CCA,20,3,2060,erosion,1153.096384,102.3668464,0.0887756200,-1050.729538,0,-1050.729538
NBA,20,3,2060,total,1017.348462,873.7785098,0.8588782924,-143.5699522,69.60482584,-73.96512638
CCA,20,3,2060,total,1153.096384,955.1571755,0.8283411419,-197.9392085,0,-197.9392085
NBA,20,3,2100,tide,1017.348462,0.041921737,0.0000412069,-1017.30654,69.60482584,-947.7017144
CCA,20,3,2100,tide,1153.096384,248.6763545,0.2156596430,-904.4200295,0,-904.4200295
NBA,20,3,2100,storm,1017.348462,22.80194682,0.0224131138,-994.5465152,69.60482584,-924.9416893
CCA,20,3,2100,storm,1153.096384,78.04814492,0.0676857078,-1075.048239,0,-1075.048239
NBA,20,3,2100,wave,1017.348462,2574.575313,2.5306720450,1557.226851,69.60482584,1626.831677
CCA,20,3,2100,wave,1153.096384,2723.437809,2.3618474977,1570.341425,0,1570.341425
NBA,20,3,2100,erosion,1017.348462,440.3905811,0.4328807656,-576.9578809,69.60482584,-507.3530551
CCA,20,3,2100,erosion,1153.096384,532.5869695,0.4618755005,-620.5094145,0,-620.5094145
NBA,20,3,2100,total,1017.348462,3240.579996,3.1853195995,2223.231534,69.60482584,2292.836359
CCA,20,3,2100,total,1153.096384,3582.749278,3.1070683490,2429.652894,0,2429.652894
NBA,50,3,Current,tide,1017.348462,0.000505213,0.0000004966,-1017.347957,69.60482584,-947.743131
CCA,50,3,Current,tide,1153.096384,0.000627966,0.0000005446,-1153.095756,0,-1153.095756
NBA,50,3,Current,storm,1017.348462,0.039053829,0.0000383879,-1017.309408,69.60482584,-947.7045823
CCA,50,3,Current,storm,1153.096384,0.041618084,0.0000360925,-1153.054766,0,-1153.054766
NBA,50,3,Current,wave,1017.348462,32.11954806,0.0315718254,-985.2289139,69.60482584,-915.6240881
CCA,50,3,Current,wave,1153.096384,35.40846018,0.0307072858,-1117.687924,0,-1117.687924
NBA,50,3,Current,erosion,1017.348462,22.82428376,0.0224350698,-994.5241782,69.60482584,-924.9193524
CCA,50,3,Current,erosion,1153.096384,27.9069874,0.0242017821,-1125.189397,0,-1125.189397
NBA,50,3,Current,total,1017.348462,54.98339086,0.0540457797,-962.3650711,69.60482584,-892.7602453
CCA,50,3,Current,total,1153.096384,63.35769363,0.0549457049,-1089.73869,0,-1089.73869
NBA,50,3,2030,tide,1017.348462,0.046280679,0.0000454915,-1017.302181,69.60482584,-947.6973555
CCA,50,3,2030,tide,1153.096384,0.05752561,0.0000498879,-1153.038858,0,-1153.038858
NBA,50,3,2030,storm,1017.348462,0.449825899,0.0004421552,-1016.898636,69.60482584,-947.2938103
CCA,50,3,2030,storm,1153.096384,1.863349621,0.0016159531,-1151.233034,0,-1151.233034
NBA,50,3,2030,wave,1017.348462,303.7595954,0.2985796969,-713.5888666,69.60482584,-643.9840408
CCA,50,3,2030,wave,1153.096384,325.33655,0.2821416792,-827.759834,0,-827.759834
NBA,50,3,2030,erosion,1017.348462,280.6490624,0.2758632592,-736.6993996,69.60482584,-667.0945737
CCA,50,3,2030,erosion,1153.096384,343.1463582,0.2975868825,-809.9500258,0,-809.9500258
NBA,50,3,2030,total,1017.348462,584.9047644,0.5749306027,-432.4436976,69.60482584,-362.8388718
CCA,50,3,2030,total,1153.096384,670.4037834,0.5813944027,-482.6926006,0,-482.6926006
NBA,50,3,2060,tide,1017.348462,0.041921737,0.0000412069,-1017.30654,69.60482584,-947.7017144
CCA,50,3,2060,tide,1153.096384,0.052107565,0.0000451893,-1153.044276,0,-1153.044276
NBA,50,3,2060,storm,1017.348462,0.455348856,0.0004475840,-1016.893113,69.60482584,-947.2882873
CCA,50,3,2060,storm,1153.096384,1.717693789,0.0014896359,-1151.37869,0,-1151.37869
NBA,50,3,2060,wave,1017.348462,315.5501832,0.3101692242,-701.7982788,69.60482584,-632.193453
CCA,50,3,2060,wave,1153.096384,339.3775948,0.2943184972,-813.7187892,0,-813.7187892
NBA,50,3,2060,erosion,1017.348462,83.72275789,0.0822950651,-933.6257041,69.60482584,-864.0208783
CCA,50,3,2060,erosion,1153.096384,102.3668464,0.0887756200,-1050.729538,0,-1050.729538
NBA,50,3,2060,total,1017.348462,399.7702117,0.3929530801,-617.5782503,69.60482584,-547.9734245
CCA,50,3,2060,total,1153.096384,443.5142426,0.3846289423,-709.5821414,0,-709.5821414
NBA,50,3,2100,tide,1017.348462,0.041921737,0.0000412069,-1017.30654,69.60482584,-947.7017144
CCA,50,3,2100,tide,1153.096384,248.6763545,0.2156596430,-904.4200295,0,-904.4200295
NBA,50,3,2100,storm,1017.348462,9.120778727,0.0089652455,-1008.227683,69.60482584,-938.6228574
CCA,50,3,2100,storm,1153.096384,31.21925797,0.0270742831,-1121.877126,0,-1121.877126
NBA,50,3,2100,wave,1017.348462,1029.830125,1.0122688180,12.48166311,69.60482584,82.08648894
CCA,50,3,2100,wave,1153.096384,1089.375124,0.9447389991,-63.72126035,0,-63.72126035
NBA,50,3,2100,erosion,1017.348462,440.3905811,0.4328807656,-576.9578809,69.60482584,-507.3530551
CCA,50,3,2100,erosion,1153.096384,532.5869695,0.4618755005,-620.5094145,0,-620.5094145
NBA,50,3,2100,total,1017.348462,1682.15364,1.6534685043,664.8051778,69.60482584,734.4100037
CCA,50,3,2100,total,1153.096384,1901.857706,1.6493484257,748.7613216,0,748.7613216
NBA,75,3,Current,tide,1017.348462,0.000505213,0.0000004966,-1017.347957,69.60482584,-947.743131
CCA,75,3,Current,tide,1153.096384,0.000627966,0.0000005446,-1153.095756,0,-1153.095756
NBA,75,3,Current,storm,1017.348462,0.026035886,0.0000255919,-1017.322426,69.60482584,-947.7176003
CCA,75,3,Current,storm,1153.096384,0.027745389,0.0000240616,-1153.068639,0,-1153.068639
NBA,75,3,Current,wave,1017.348462,21.41303204,0.0210478836,-995.93543,69.60482584,-926.3306041
CCA,75,3,Current,wave,1153.096384,23.60564012,0.0204715238,-1129.490744,0,-1129.490744
NBA,75,3,Current,erosion,1017.348462,22.82428376,0.0224350698,-994.5241782,69.60482584,-924.9193524
CCA,75,3,Current,erosion,1153.096384,27.9069874,0.0242017821,-1125.189397,0,-1125.189397
NBA,75,3,Current,total,1017.348462,44.2638569,0.0435090419,-973.0846051,69.60482584,-903.4797793
CCA,75,3,Current,total,1153.096384,51.54100088,0.0446979122,-1101.555383,0,-1101.555383
NBA,75,3,2030,tide,1017.348462,0.046280679,0.0000454915,-1017.302181,69.60482584,-947.6973555
CCA,75,3,2030,tide,1153.096384,0.05752561,0.0000498879,-1153.038858,0,-1153.038858
NBA,75,3,2030,storm,1017.348462,0.299883932,0.0002947701,-1017.048578,69.60482584,-947.4437522
CCA,75,3,2030,storm,1153.096384,1.242233081,0.0010773020,-1151.854151,0,-1151.854151
NBA,75,3,2030,wave,1017.348462,202.5063969,0.1990531312,-814.8420651,69.60482584,-745.2372392
CCA,75,3,2030,wave,1153.096384,216.8910333,0.1880944528,-936.2053507,0,-936.2053507
NBA,75,3,2030,erosion,1017.348462,280.6490624,0.2758632592,-736.6993996,69.60482584,-667.0945737
CCA,75,3,2030,erosion,1153.096384,343.1463582,0.2975868825,-809.9500258,0,-809.9500258
NBA,75,3,2030,total,1017.348462,483.501624,0.4752566520,-533.846838,69.60482584,-464.2420122
CCA,75,3,2030,total,1153.096384,561.3371502,0.4868085253,-591.7592338,0,-591.7592338
NBA,75,3,2060,tide,1017.348462,0.041921737,0.0000412069,-1017.30654,69.60482584,-947.7017144
CCA,75,3,2060,tide,1153.096384,0.052107565,0.0000451893,-1153.044276,0,-1153.044276
NBA,75,3,2060,storm,1017.348462,0.303565904,0.0002983893,-1017.044896,69.60482584,-947.4400703
CCA,75,3,2060,storm,1153.096384,1.145129193,0.0009930906,-1151.951255,0,-1151.951255
NBA,75,3,2060,wave,1017.348462,210.3667888,0.2067794828,-806.9816732,69.60482584,-737.3768474
CCA,75,3,2060,wave,1153.096384,226.2517299,0.1962123314,-926.8446541,0,-926.8446541
NBA,75,3,2060,erosion,1017.348462,83.72275789,0.0822950651,-933.6257041,69.60482584,-864.0208783
CCA,75,3,2060,erosion,1153.096384,102.3668464,0.0887756200,-1050.729538,0,-1050.729538
NBA,75,3,2060,total,1017.348462,294.4350343,0.2894141441,-722.9134277,69.60482584,-653.3086018
CCA,75,3,2060,total,1153.096384,329.815813,0.2860262313,-823.280571,0,-823.280571
NBA,75,3,2100,tide,1017.348462,0.041921737,0.0000412069,-1017.30654,69.60482584,-947.7017144
CCA,75,3,2100,tide,1153.096384,248.6763545,0.2156596430,-904.4200295,0,-904.4200295
NBA,75,3,2100,storm,1017.348462,6.080519151,0.0059768303,-1011.267943,69.60482584,-941.663117
CCA,75,3,2100,storm,1153.096384,20.81283865,0.0180495221,-1132.283545,0,-1132.283545
NBA,75,3,2100,wave,1017.348462,686.5534167,0.6748458787,-330.7950453,69.60482584,-261.1902194
CCA,75,3,2100,wave,1153.096384,726.2500824,0.6298259994,-426.8463016,0,-426.8463016
NBA,75,3,2100,erosion,1017.348462,440.3905811,0.4328807656,-576.9578809,69.60482584,-507.3530551
CCA,75,3,2100,erosion,1153.096384,532.5869695,0.4618755005,-620.5094145,0,-620.5094145
NBA,75,3,2100,total,1017.348462,1335.836672,1.3130571498,318.4882099,69.60482584,388.0930357
CCA,75,3,2100,total,1153.096384,1528.326245,1.3254106649,375.2298611,0,375.2298611
NBA,100,3,Current,tide,1017.348462,0.000505213,0.0000004966,-1017.347957,69.60482584,-947.743131
CCA,100,3,Current,tide,1153.096384,0.000627966,0.0000005446,-1153.095756,0,-1153.095756
NBA,100,3,Current,storm,1017.348462,0.019526915,0.0000191939,-1017.328935,69.60482584,-947.7241093
CCA,100,3,Current,storm,1153.096384,0.020809042,0.0000180462,-1153.075575,0,-1153.075575
NBA,100,3,Current,wave,1017.348462,16.05977403,0.0157859127,-1001.288688,69.60482584,-931.6838621
CCA,100,3,Current,wave,1153.096384,17.70423009,0.0153536429,-1135.392154,0,-1135.392154
NBA,100,3,Current,erosion,1017.348462,22.82428376,0.0224350698,-994.5241782,69.60482584,-924.9193524
CCA,100,3,Current,erosion,1153.096384,27.9069874,0.0242017821,-1125.189397,0,-1125.189397
NBA,100,3,Current,total,1017.348462,38.90408992,0.0382406731,-978.4443721,69.60482584,-908.8395462
CCA,100,3,Current,total,1153.096384,45.6326545,0.0395740158,-1107.463729,0,-1107.463729
NBA,100,3,2030,tide,1017.348462,0.046280679,0.0000454915,-1017.302181,69.60482584,-947.6973555
CCA,100,3,2030,tide,1153.096384,0.05752561,0.0000498879,-1153.038858,0,-1153.038858
NBA,100,3,2030,storm,1017.348462,0.224912949,0.0002210776,-1017.123549,69.60482584,-947.5187232
CCA,100,3,2030,storm,1153.096384,0.93167481,0.0008079765,-1152.164709,0,-1152.164709
NBA,100,3,2030,wave,1017.348462,151.8797977,0.1492898484,-865.4686643,69.60482584,-795.8638385
CCA,100,3,2030,wave,1153.096384,162.668275,0.1410708396,-990.428109,0,-990.428109
NBA,100,3,2030,erosion,1017.348462,280.6490624,0.2758632592,-736.6993996,69.60482584,-667.0945737
CCA,100,3,2030,erosion,1153.096384,343.1463582,0.2975868825,-809.9500258,0,-809.9500258
NBA,100,3,2030,total,1017.348462,432.8000538,0.4254196767,-584.5484082,69.60482584,-514.9435824
CCA,100,3,2030,total,1153.096384,506.8038336,0.4395155866,-646.2925504,0,-646.2925504
NBA,100,3,2060,tide,1017.348462,0.041921737,0.0000412069,-1017.30654,69.60482584,-947.7017144
CCA,100,3,2060,tide,1153.096384,0.052107565,0.0000451893,-1153.044276,0,-1153.044276
NBA,100,3,2060,storm,1017.348462,0.227674428,0.0002237920,-1017.120788,69.60482584,-947.5159617
CCA,100,3,2060,storm,1153.096384,0.858846894,0.0007448180,-1152.237537,0,-1152.237537
NBA,100,3,2060,wave,1017.348462,157.7750916,0.1550846121,-859.5733704,69.60482584,-789.9685446
CCA,100,3,2060,wave,1153.096384,169.6887974,0.1471592486,-983.4075866,0,-983.4075866
NBA,100,3,2060,erosion,1017.348462,83.72275789,0.0822950651,-933.6257041,69.60482584,-864.0208783
CCA,100,3,2060,erosion,1153.096384,102.3668464,0.0887756200,-1050.729538,0,-1050.729538
NBA,100,3,2060,total,1017.348462,241.7674457,0.2376446760,-775.5810163,69.60482584,-705.9761905
CCA,100,3,2060,total,1153.096384,272.9665983,0.2367248758,-880.1297857,0,-880.1297857
NBA,100,3,2100,tide,1017.348462,0.041921737,0.0000412069,-1017.30654,69.60482584,-947.7017144
CCA,100,3,2100,tide,1153.096384,248.6763545,0.2156596430,-904.4200295,0,-904.4200295
NBA,100,3,2100,storm,1017.348462,4.560389363,0.0044826228,-1012.788073,69.60482584,-943.1832468
CCA,100,3,2100,storm,1153.096384,15.60962898,0.0135371416,-1137.486755,0,-1137.486755
NBA,100,3,2100,wave,1017.348462,514.9150626,0.5061344090,-502.4333994,69.60482584,-432.8285736
CCA,100,3,2100,wave,1153.096384,544.6875618,0.4723694995,-608.4088222,0,-608.4088222
NBA,100,3,2100,erosion,1017.348462,440.3905811,0.4328807656,-576.9578809,69.60482584,-507.3530551
CCA,100,3,2100,erosion,1153.096384,532.5869695,0.4618755005,-620.5094145,0,-620.5094145
NBA,100,3,2100,total,1017.348462,1162.678188,1.1428514726,145.3297259,69.60482584,214.9345517
CCA,100,3,2100,total,1153.096384,1341.560515,1.1634417846,188.4641308,0,188.4641308
NBA,200,3,Current,tide,1017.348462,0.000505213,0.0000004966,-1017.347957,69.60482584,-947.743131
CCA,200,3,Current,tide,1153.096384,0.000627966,0.0000005446,-1153.095756,0,-1153.095756
NBA,200,3,Current,storm,1017.348462,0.009763457,0.0000095970,-1017.338699,69.60482584,-947.7338727
CCA,200,3,Current,storm,1153.096384,0.010404521,0.0000090231,-1153.085979,0,-1153.085979
NBA,200,3,Current,wave,1017.348462,8.029887016,0.0078929564,-1009.318575,69.60482584,-939.7137491
CCA,200,3,Current,wave,1153.096384,8.852115046,0.0076768214,-1144.244269,0,-1144.244269
NBA,200,3,Current,erosion,1017.348462,22.82428376,0.0224350698,-994.5241782,69.60482584,-924.9193524
CCA,200,3,Current,erosion,1153.096384,27.9069874,0.0242017821,-1125.189397,0,-1125.189397
NBA,200,3,Current,total,1017.348462,30.86443944,0.0303381197,-986.4840226,69.60482584,-916.8791967
CCA,200,3,Current,total,1153.096384,36.77013493,0.0318881712,-1116.326249,0,-1116.326249
NBA,200,3,2030,tide,1017.348462,0.046280679,0.0000454915,-1017.302181,69.60482584,-947.6973555
CCA,200,3,2030,tide,1153.096384,0.05752561,0.0000498879,-1153.038858,0,-1153.038858
NBA,200,3,2030,storm,1017.348462,0.112456475,0.0001105388,-1017.236006,69.60482584,-947.6311797
CCA,200,3,2030,storm,1153.096384,0.465837405,0.0004039883,-1152.630547,0,-1152.630547
NBA,200,3,2030,wave,1017.348462,75.93989884,0.0746449242,-941.4085632,69.60482584,-871.8037373
CCA,200,3,2030,wave,1153.096384,81.33413751,0.0705354198,-1071.762246,0,-1071.762246
NBA,200,3,2030,erosion,1017.348462,280.6490624,0.2758632592,-736.6993996,69.60482584,-667.0945737
CCA,200,3,2030,erosion,1153.096384,343.1463582,0.2975868825,-809.9500258,0,-809.9500258
NBA,200,3,2030,total,1017.348462,356.7476984,0.3506642137,-660.6007636,69.60482584,-590.9959377
CCA,200,3,2030,total,1153.096384,425.0038587,0.3685761785,-728.0925253,0,-728.0925253
NBA,200,3,2060,tide,1017.348462,0.041921737,0.0000412069,-1017.30654,69.60482584,-947.7017144
CCA,200,3,2060,tide,1153.096384,0.052107565,0.0000451893,-1153.044276,0,-1153.044276
NBA,200,3,2060,storm,1017.348462,0.113837214,0.0001118960,-1017.234625,69.60482584,-947.629799
CCA,200,3,2060,storm,1153.096384,0.429423447,0.0003724090,-1152.666961,0,-1152.666961
NBA,200,3,2060,wave,1017.348462,78.8875458,0.0775423061,-938.4609162,69.60482584,-868.8560904
CCA,200,3,2060,wave,1153.096384,84.8443987,0.0735796243,-1068.251985,0,-1068.251985
NBA,200,3,2060,erosion,1017.348462,83.72275789,0.0822950651,-933.6257041,69.60482584,-864.0208783
CCA,200,3,2060,erosion,1153.096384,102.3668464,0.0887756200,-1050.729538,0,-1050.729538
NBA,200,3,2060,total,1017.348462,162.7660626,0.1599904740,-854.5823994,69.60482584,-784.9775735
CCA,200,3,2060,total,1153.096384,187.6927761,0.1627728425,-965.4036079,0,-965.4036079
NBA,200,3,2100,tide,1017.348462,0.041921737,0.0000412069,-1017.30654,69.60482584,-947.7017144
CCA,200,3,2100,tide,1153.096384,248.6763545,0.2156596430,-904.4200295,0,-904.4200295
NBA,200,3,2100,storm,1017.348462,2.280194682,0.0022413114,-1015.068267,69.60482584,-945.4634415
CCA,200,3,2100,storm,1153.096384,7.804814492,0.0067685708,-1145.29157,0,-1145.29157
NBA,200,3,2100,wave,1017.348462,257.4575313,0.2530672045,-759.8909307,69.60482584,-690.2861049
CCA,200,3,2100,wave,1153.096384,272.3437809,0.2361847498,-880.7526031,0,-880.7526031
NBA,200,3,2100,erosion,1017.348462,440.3905811,0.4328807656,-576.9578809,69.60482584,-507.3530551
CCA,200,3,2100,erosion,1153.096384,532.5869695,0.4618755005,-620.5094145,0,-620.5094145
NBA,200,3,2100,total,1017.348462,902.940462,0.8875429567,-114.408,69.60482584,-44.80317421
CCA,200,3,2100,total,1153.096384,1061.411919,0.9204884640,-91.68446461,0,-91.68446461
NBA,20,5,Current,tide,1017.348462,0.00049559,0.0000004871,-1017.347966,42.42704321,-974.9209232
CCA,20,5,Current,tide,1153.096384,0.000616005,0.0000005342,-1153.095768,0,-1153.095768
NBA,20,5,Current,storm,1017.348462,0.096663498,0.0000950151,-1017.251799,42.42704321,-974.8247553
CCA,20,5,Current,storm,1153.096384,0.102617168,0.0000889927,-1152.993767,0,-1152.993767
NBA,20,5,Current,wave,1017.348462,79.51902428,0.0781630162,-937.8294377,42.42704321,-895.4023945
CCA,20,5,Current,wave,1153.096384,87.66415818,0.0760250048,-1065.432226,0,-1065.432226
NBA,20,5,Current,erosion,1017.348462,22.3895355,0.0220077351,-994.9589265,42.42704321,-952.5318833
CCA,20,5,Current,erosion,1153.096384,27.37542574,0.0237407958,-1125.720958,0,-1125.720958
NBA,20,5,Current,total,1017.348462,102.0057189,0.1002662536,-915.3427431,42.42704321,-872.9156999
CCA,20,5,Current,total,1153.096384,115.1428171,0.0998553275,-1037.953567,0,-1037.953567
NBA,20,5,2030,tide,1017.348462,0.038334409,0.0000376807,-1017.310128,42.42704321,-974.8830844
CCA,20,5,2030,tide,1153.096384,0.047648615,0.0000413223,-1153.048735,0,-1153.048735
NBA,20,5,2030,storm,1017.348462,0.96241718,0.0009460054,-1016.386045,42.42704321,-973.9590016
CCA,20,5,2030,storm,1153.096384,3.877822793,0.0033629650,-1149.218561,0,-1149.218561
NBA,20,5,2030,wave,1017.348462,655.1110592,0.6439396959,-362.2374028,42.42704321,-319.8103596
CCA,20,5,2030,wave,1153.096384,702.5583311,0.6092797973,-450.5380529,0,-450.5380529
NBA,20,5,2030,erosion,1017.348462,244.0155082,0.2398544032,-773.3329538,42.42704321,-730.9059106
CCA,20,5,2030,erosion,1153.096384,298.3549357,0.2587424086,-854.7414483,0,-854.7414483
NBA,20,5,2030,total,1017.348462,900.127319,0.8847777852,-117.221143,42.42704321,-74.79409977
CCA,20,5,2030,total,1153.096384,1004.838738,0.8714264932,-148.2576458,0,-148.2576458
NBA,20,5,2060,tide,1017.348462,0.035254191,0.0000346530,-1017.313208,42.42704321,-974.8861646
CCA,20,5,2060,tide,1153.096384,0.043819988,0.0000380020,-1153.052564,0,-1153.052564
NBA,20,5,2060,storm,1017.348462,0.997456427,0.0009804472,-1016.351006,42.42704321,-973.9239624
CCA,20,5,2060,storm,1153.096384,3.636261164,0.0031534755,-1149.460123,0,-1149.460123
NBA,20,5,2060,wave,1017.348462,697.268783,0.6853785198,-320.079679,42.42704321,-277.6526358
CCA,20,5,2060,wave,1153.096384,750.9526782,0.6512488363,-402.1437058,0,-402.1437058
NBA,20,5,2060,erosion,1017.348462,104.8588028,0.1030706849,-912.4896592,42.42704321,-870.062616
CCA,20,5,2060,erosion,1153.096384,128.2096437,0.1111872741,-1024.88674,0,-1024.88674
NBA,20,5,2060,total,1017.348462,803.1602964,0.7894643049,-214.1881656,42.42704321,-171.7611224
CCA,20,5,2060,total,1153.096384,882.8424031,0.7656275879,-270.2539809,0,-270.2539809
NBA,20,5,2100,tide,1017.348462,0.035254191,0.0000346530,-1017.313208,42.42704321,-974.8861646
CCA,20,5,2100,tide,1153.096384,66.19046265,0.0574023677,-1086.905921,0,-1086.905921
NBA,20,5,2100,storm,1017.348462,8.478542368,0.0083339610,-1008.86992,42.42704321,-966.4428764
CCA,20,5,2100,storm,1153.096384,30.57764336,0.0265178556,-1122.518741,0,-1122.518741
NBA,20,5,2100,wave,1017.348462,1502.043069,1.4764292912,484.6946066,42.42704321,527.1216498
CCA,20,5,2100,wave,1153.096384,1592.508118,1.3810711233,439.4117343,0,439.4117343
NBA,20,5,2100,erosion,1017.348462,315.1928246,0.3098179595,-702.1556374,42.42704321,-659.7285942
CCA,20,5,2100,erosion,1153.096384,382.5635117,0.3317706282,-770.5328723,0,-770.5328723
NBA,20,5,2100,total,1017.348462,1879.838981,1.8477827915,862.490519,42.42704321,904.9175622
CCA,20,5,2100,total,1153.096384,2071.839736,1.7967619748,918.743352,0,918.743352
NBA,50,5,Current,tide,1017.348462,0.00049559,0.0000004871,-1017.347966,42.42704321,-974.9209232
CCA,50,5,Current,tide,1153.096384,0.000616005,0.0000005342,-1153.095768,0,-1153.095768
NBA,50,5,Current,storm,1017.348462,0.038665399,0.0000380061,-1017.309797,42.42704321,-974.8827534
CCA,50,5,Current,storm,1153.096384,0.041046867,0.0000355971,-1153.055337,0,-1153.055337
NBA,50,5,Current,wave,1017.348462,31.80760971,0.0312652065,-985.5408523,42.42704321,-943.1138091
CCA,50,5,Current,wave,1153.096384,35.06566327,0.0304100019,-1118.030721,0,-1118.030721
NBA,50,5,Current,erosion,1017.348462,22.3895355,0.0220077351,-994.9589265,42.42704321,-952.5318833
CCA,50,5,Current,erosion,1153.096384,27.37542574,0.0237407958,-1125.720958,0,-1125.720958
NBA,50,5,Current,total,1017.348462,54.2363062,0.0533114348,-963.1121558,42.42704321,-920.6851126
CCA,50,5,Current,total,1153.096384,62.48275188,0.0541869290,-1090.613632,0,-1090.613632
NBA,50,5,2030,tide,1017.348462,0.038334409,0.0000376807,-1017.310128,42.42704321,-974.8830844
CCA,50,5,2030,tide,1153.096384,0.047648615,0.0000413223,-1153.048735,0,-1153.048735
NBA,50,5,2030,storm,1017.348462,0.384966872,0.0003784022,-1016.963495,42.42704321,-974.5364519
CCA,50,5,2030,storm,1153.096384,1.551129117,0.0013451860,-1151.545255,0,-1151.545255
NBA,50,5,2030,wave,1017.348462,262.0444237,0.2575758784,-755.3040383,42.42704321,-712.8769951
CCA,50,5,2030,wave,1153.096384,281.0233324,0.2437119189,-872.0730516,0,-872.0730516
NBA,50,5,2030,erosion,1017.348462,244.0155082,0.2398544032,-773.3329538,42.42704321,-730.9059106
CCA,50,5,2030,erosion,1153.096384,298.3549357,0.2587424086,-854.7414483,0,-854.7414483
NBA,50,5,2030,total,1017.348462,506.4832332,0.4978463644,-510.8652288,42.42704321,-468.4381856
CCA,50,5,2030,total,1153.096384,580.9770459,0.5038408358,-572.1193381,0,-572.1193381
NBA,50,5,2060,tide,1017.348462,0.035254191,0.0000346530,-1017.313208,42.42704321,-974.8861646
CCA,50,5,2060,tide,1153.096384,0.043819988,0.0000380020,-1153.052564,0,-1153.052564
NBA,50,5,2060,storm,1017.348462,0.398982571,0.0003921789,-1016.949479,42.42704321,-974.5224362
CCA,50,5,2060,storm,1153.096384,1.454504466,0.0012613902,-1151.64188,0,-1151.64188
NBA,50,5,2060,wave,1017.348462,278.9075132,0.2741514079,-738.4409488,42.42704321,-696.0139056
CCA,50,5,2060,wave,1153.096384,300.3810713,0.2604995345,-852.7153127,0,-852.7153127
NBA,50,5,2060,erosion,1017.348462,104.8588028,0.1030706849,-912.4896592,42.42704321,-870.062616
CCA,50,5,2060,erosion,1153.096384,128.2096437,0.1111872741,-1024.88674,0,-1024.88674
NBA,50,5,2060,total,1017.348462,384.2005528,0.3776489247,-633.1479092,42.42704321,-590.720866
CCA,50,5,2060,total,1153.096384,430.0890395,0.3729862008,-723.0073445,0,-723.0073445
NBA,50,5,2100,tide,1017.348462,0.035254191,0.0000346530,-1017.313208,42.42704321,-974.8861646
CCA,50,5,2100,tide,1153.096384,66.19046265,0.0574023677,-1086.905921,0,-1086.905921
NBA,50,5,2100,storm,1017.348462,3.391416947,0.0033335844,-1013.957045,42.42704321,-971.5300018
CCA,50,5,2100,storm,1153.096384,12.23105735,0.0106071422,-1140.865327,0,-1140.865327
NBA,50,5,2100,wave,1017.348462,600.8172274,0.5905717165,-416.5312346,42.42704321,-374.1041913
CCA,50,5,2100,wave,1153.096384,637.0032473,0.5524284493,-516.0931367,0,-516.0931367
NBA,50,5,2100,erosion,1017.348462,315.1928246,0.3098179595,-702.1556374,42.42704321,-659.7285942
CCA,50,5,2100,erosion,1153.096384,382.5635117,0.3317706282,-770.5328723,0,-770.5328723
NBA,50,5,2100,total,1017.348462,973.5260144,0.9569248402,-43.82244755,42.42704321,-1.395404343
CCA,50,5,2100,total,1153.096384,1097.988279,0.9522085875,-55.10810496,0,-55.10810496
NBA,75,5,Current,tide,1017.348462,0.00049559,0.0000004871,-1017.347966,42.42704321,-974.9209232
CCA,75,5,Current,tide,1153.096384,0.000616005,0.0000005342,-1153.095768,0,-1153.095768
NBA,75,5,Current,storm,1017.348462,0.025776933,0.0000253374,-1017.322685,42.42704321,-974.8956419
CCA,75,5,Current,storm,1153.096384,0.027364578,0.0000237314,-1153.069019,0,-1153.069019
NBA,75,5,Current,wave,1017.348462,21.20507314,0.0208434710,-996.1433889,42.42704321,-953.7163457
CCA,75,5,Current,wave,1153.096384,23.37710885,0.0202733346,-1129.719275,0,-1129.719275
NBA,75,5,Current,erosion,1017.348462,22.3895355,0.0220077351,-994.9589265,42.42704321,-952.5318833
CCA,75,5,Current,erosion,1153.096384,27.37542574,0.0237407958,-1125.720958,0,-1125.720958
NBA,75,5,Current,total,1017.348462,43.62088116,0.0428770306,-973.7275808,42.42704321,-931.3005376
CCA,75,5,Current,total,1153.096384,50.78051517,0.0440383960,-1102.315869,0,-1102.315869
NBA,75,5,2030,tide,1017.348462,0.038334409,0.0000376807,-1017.310128,42.42704321,-974.8830844
CCA,75,5,2030,tide,1153.096384,0.047648615,0.0000413223,-1153.048735,0,-1153.048735
NBA,75,5,2030,storm,1017.348462,0.256644581,0.0002522681,-1017.091817,42.42704321,-974.6647742
CCA,75,5,2030,storm,1153.096384,1.034086078,0.0008967907,-1152.062298,0,-1152.062298
NBA,75,5,2030,wave,1017.348462,174.6962825,0.1717172522,-842.6521795,42.42704321,-800.2251363
CCA,75,5,2030,wave,1153.096384,187.3488883,0.1624746126,-965.7474957,0,-965.7474957
NBA,75,5,2030,erosion,1017.348462,244.0155082,0.2398544032,-773.3329538,42.42704321,-730.9059106
CCA,75,5,2030,erosion,1153.096384,298.3549357,0.2587424086,-854.7414483,0,-854.7414483
NBA,75,5,2030,total,1017.348462,419.0067696,0.4118616043,-598.3416924,42.42704321,-555.9146491
CCA,75,5,2030,total,1153.096384,486.7855587,0.4221551341,-666.3108253,0,-666.3108253
NBA,75,5,2060,tide,1017.348462,0.035254191,0.0000346530,-1017.313208,42.42704321,-974.8861646
CCA,75,5,2060,tide,1153.096384,0.043819988,0.0000380020,-1153.052564,0,-1153.052564
NBA,75,5,2060,storm,1017.348462,0.265988381,0.0002614526,-1017.082474,42.42704321,-974.6554304
CCA,75,5,2060,storm,1153.096384,0.969669644,0.0008409268,-1152.126714,0,-1152.126714
NBA,75,5,2060,wave,1017.348462,185.9383421,0.1827676053,-831.4101199,42.42704321,-788.9830767
CCA,75,5,2060,wave,1153.096384,200.2540475,0.1736663563,-952.8423365,0,-952.8423365
NBA,75,5,2060,erosion,1017.348462,104.8588028,0.1030706849,-912.4896592,42.42704321,-870.062616
CCA,75,5,2060,erosion,1153.096384,128.2096437,0.1111872741,-1024.88674,0,-1024.88674
NBA,75,5,2060,total,1017.348462,291.0983875,0.2861343958,-726.2500745,42.42704321,-683.8230313
CCA,75,5,2060,total,1153.096384,329.4771809,0.2857325593,-823.6192031,0,-823.6192031
NBA,75,5,2100,tide,1017.348462,0.035254191,0.0000346530,-1017.313208,42.42704321,-974.8861646
CCA,75,5,2100,tide,1153.096384,66.19046265,0.0574023677,-1086.905921,0,-1086.905921
NBA,75,5,2100,storm,1017.348462,2.260944631,0.0022223896,-1015.087517,42.42704321,-972.6604742
CCA,75,5,2100,storm,1153.096384,8.154038231,0.0070714282,-1144.942346,0,-1144.942346
NBA,75,5,2100,wave,1017.348462,400.5448183,0.3937144776,-616.8036437,42.42704321,-574.3766005
CCA,75,5,2100,wave,1153.096384,424.6688315,0.3682856329,-728.4275525,0,-728.4275525
NBA,75,5,2100,erosion,1017.348462,315.1928246,0.3098179595,-702.1556374,42.42704321,-659.7285942
CCA,75,5,2100,erosion,1153.096384,382.5635117,0.3317706282,-770.5328723,0,-770.5328723
NBA,75,5,2100,total,1017.348462,772.123133,0.7589564066,-245.225329,42.42704321,-202.7982858
CCA,75,5,2100,total,1153.096384,881.5768441,0.7645300570,-271.5195399,0,-271.5195399
NBA,100,5,Current,tide,1017.348462,0.00049559,0.0000004871,-1017.347966,42.42704321,-974.9209232
CCA,100,5,Current,tide,1153.096384,0.000616005,0.0000005342,-1153.095768,0,-1153.095768
NBA,100,5,Current,storm,1017.348462,0.0193327,0.0000190030,-1017.329129,42.42704321,-974.9020861
CCA,100,5,Current,storm,1153.096384,0.020523434,0.0000177985,-1153.075861,0,-1153.075861
NBA,100,5,Current,wave,1017.348462,15.90380486,0.0156326032,-1001.444657,42.42704321,-959.0176139
CCA,100,5,Current,wave,1153.096384,17.53283164,0.0152050010,-1135.563552,0,-1135.563552
NBA,100,5,Current,erosion,1017.348462,22.3895355,0.0220077351,-994.9589265,42.42704321,-952.5318833
CCA,100,5,Current,erosion,1153.096384,27.37542574,0.0237407958,-1125.720958,0,-1125.720958
NBA,100,5,Current,total,1017.348462,38.31316864,0.0376598285,-979.0352934,42.42704321,-936.6082501
CCA,100,5,Current,total,1153.096384,44.92939681,0.0389641295,-1108.166987,0,-1108.166987
NBA,100,5,2030,tide,1017.348462,0.038334409,0.0000376807,-1017.310128,42.42704321,-974.8830844
CCA,100,5,2030,tide,1153.096384,0.047648615,0.0000413223,-1153.048735,0,-1153.048735
NBA,100,5,2030,storm,1017.348462,0.192483436,0.0001892011,-1017.155979,42.42704321,-974.7289354
CCA,100,5,2030,storm,1153.096384,0.775564559,0.0006725930,-1152.320819,0,-1152.320819
NBA,100,5,2030,wave,1017.348462,131.0222118,0.1287879392,-886.3262502,42.42704321,-843.8992069
CCA,100,5,2030,wave,1153.096384,140.5116662,0.1218559595,-1012.584718,0,-1012.584718
NBA,100,5,2030,erosion,1017.348462,244.0155082,0.2398544032,-773.3329538,42.42704321,-730.9059106
CCA,100,5,2030,erosion,1153.096384,298.3549357,0.2587424086,-854.7414483,0,-854.7414483
NBA,100,5,2030,total,1017.348462,375.2685379,0.3688692242,-642.0799241,42.42704321,-599.6528809
CCA,100,5,2030,total,1153.096384,439.6898151,0.3813122833,-713.4065689,0,-713.4065689
NBA,100,5,2060,tide,1017.348462,0.035254191,0.0000346530,-1017.313208,42.42704321,-974.8861646
CCA,100,5,2060,tide,1153.096384,0.043819988,0.0000380020,-1153.052564,0,-1153.052564
NBA,100,5,2060,storm,1017.348462,0.199491285,0.0001960894,-1017.148971,42.42704321,-974.7219275
CCA,100,5,2060,storm,1153.096384,0.727252233,0.0006306951,-1152.369132,0,-1152.369132
NBA,100,5,2060,wave,1017.348462,139.4537566,0.1370757040,-877.8947054,42.42704321,-835.4676622
CCA,100,5,2060,wave,1153.096384,150.1905356,0.1302497673,-1002.905848,0,-1002.905848
NBA,100,5,2060,erosion,1017.348462,104.8588028,0.1030706849,-912.4896592,42.42704321,-870.062616
CCA,100,5,2060,erosion,1153.096384,128.2096437,0.1111872741,-1024.88674,0,-1024.88674
NBA,100,5,2060,total,1017.348462,244.5473049,0.2403771314,-772.8011571,42.42704321,-730.3741139
CCA,100,5,2060,total,1153.096384,279.1712516,0.2421057385,-873.9251324,0,-873.9251324
NBA,100,5,2100,tide,1017.348462,0.035254191,0.0000346530,-1017.313208,42.42704321,-974.8861646
CCA,100,5,2100,tide,1153.096384,66.19046265,0.0574023677,-1086.905921,0,-1086.905921
NBA,100,5,2100,storm,1017.348462,1.695708474,0.0016667922,-1015.652754,42.42704321,-973.2257103
CCA,100,5,2100,storm,1153.096384,6.115528673,0.0053035711,-1146.980855,0,-1146.980855
NBA,100,5,2100,wave,1017.348462,300.4086137,0.2952858582,-716.9398483,42.42704321,-674.5128051
CCA,100,5,2100,wave,1153.096384,318.5016237,0.2762142247,-834.5947603,0,-834.5947603
NBA,100,5,2100,erosion,1017.348462,315.1928246,0.3098179595,-702.1556374,42.42704321,-659.7285942
CCA,100,5,2100,erosion,1153.096384,382.5635117,0.3317706282,-770.5328723,0,-770.5328723
NBA,100,5,2100,total,1017.348462,671.4216923,0.6599721898,-345.9267697,42.42704321,-303.4997265
CCA,100,5,2100,total,1153.096384,773.3711267,0.6706907917,-379.7252573,0,-379.7252573
NBA,200,5,Current,tide,1017.348462,0.00049559,0.0000004871,-1017.347966,42.42704321,-974.9209232
CCA,200,5,Current,tide,1153.096384,0.000616005,0.0000005342,-1153.095768,0,-1153.095768
NBA,200,5,Current,storm,1017.348462,0.00966635,0.0000095015,-1017.338796,42.42704321,-974.9117524
CCA,200,5,Current,storm,1153.096384,0.010261717,0.0000088993,-1153.086122,0,-1153.086122
NBA,200,5,Current,wave,1017.348462,7.951902428,0.0078163016,-1009.39656,42.42704321,-966.9695164
CCA,200,5,Current,wave,1153.096384,8.766415818,0.0076025005,-1144.329968,0,-1144.329968
NBA,200,5,Current,erosion,1017.348462,22.3895355,0.0220077351,-994.9589265,42.42704321,-952.5318833
CCA,200,5,Current,erosion,1153.096384,27.37542574,0.0237407958,-1125.720958,0,-1125.720958
NBA,200,5,Current,total,1017.348462,30.35159986,0.0298340254,-986.9968621,42.42704321,-944.5698189
CCA,200,5,Current,total,1153.096384,36.15271928,0.0313527297,-1116.943665,0,-1116.943665
NBA,200,5,2030,tide,1017.348462,0.038334409,0.0000376807,-1017.310128,42.42704321,-974.8830844
CCA,200,5,2030,tide,1153.096384,0.047648615,0.0000413223,-1153.048735,0,-1153.048735
NBA,200,5,2030,storm,1017.348462,0.096241718,0.0000946005,-1017.25222,42.42704321,-974.8251771
CCA,200,5,2030,storm,1153.096384,0.387782279,0.0003362965,-1152.708602,0,-1152.708602
NBA,200,5,2030,wave,1017.348462,65.51110592,0.0643939696,-951.8373561,42.42704321,-909.4103129
CCA,200,5,2030,wave,1153.096384,70.25583311,0.0609279797,-1082.840551,0,-1082.840551
NBA,200,5,2030,erosion,1017.348462,244.0155082,0.2398544032,-773.3329538,42.42704321,-730.9059106
CCA,200,5,2030,erosion,1153.096384,298.3549357,0.2587424086,-854.7414483,0,-854.7414483
NBA,200,5,2030,total,1017.348462,309.6611902,0.3043806540,-707.6872718,42.42704321,-665.2602286
CCA,200,5,2030,total,1153.096384,369.0461997,0.3200480071,-784.0501843,0,-784.0501843
NBA,200,5,2060,tide,1017.348462,0.035254191,0.0000346530,-1017.313208,42.42704321,-974.8861646
CCA,200,5,2060,tide,1153.096384,0.043819988,0.0000380020,-1153.052564,0,-1153.052564
NBA,200,5,2060,storm,1017.348462,0.099745643,0.0000980447,-1017.248716,42.42704321,-974.8216731
CCA,200,5,2060,storm,1153.096384,0.363626116,0.0003153475,-1152.732758,0,-1152.732758
NBA,200,5,2060,wave,1017.348462,69.7268783,0.0685378520,-947.6215837,42.42704321,-905.1945405
CCA,200,5,2060,wave,1153.096384,75.09526782,0.0651248836,-1078.001116,0,-1078.001116
NBA,200,5,2060,erosion,1017.348462,104.8588028,0.1030706849,-912.4896592,42.42704321,-870.062616
CCA,200,5,2060,erosion,1153.096384,128.2096437,0.1111872741,-1024.88674,0,-1024.88674
NBA,200,5,2060,total,1017.348462,174.7206809,0.1717412347,-842.6277811,42.42704321,-800.2007379
CCA,200,5,2060,total,1153.096384,203.7123576,0.1766655073,-949.3840264,0,-949.3840264
NBA,200,5,2100,tide,1017.348462,0.035254191,0.0000346530,-1017.313208,42.42704321,-974.8861646
CCA,200,5,2100,tide,1153.096384,66.19046265,0.0574023677,-1086.905921,0,-1086.905921
NBA,200,5,2100,storm,1017.348462,0.847854237,0.0008333961,-1016.500608,42.42704321,-974.0735646
CCA,200,5,2100,storm,1153.096384,3.057764336,0.0026517856,-1150.03862,0,-1150.03862
NBA,200,5,2100,wave,1017.348462,150.2043069,0.1476429291,-867.1441551,42.42704321,-824.7171119
CCA,200,5,2100,wave,1153.096384,159.2508118,0.1381071123,-993.8455722,0,-993.8455722
NBA,200,5,2100,erosion,1017.348462,315.1928246,0.3098179595,-702.1556374,42.42704321,-659.7285942
CCA,200,5,2100,erosion,1153.096384,382.5635117,0.3317706282,-770.5328723,0,-770.5328723
NBA,200,5,2100,total,1017.348462,520.3695312,0.5114958646,-496.9789308,42.42704321,-454.5518876
CCA,200,5,2100,total,1153.096384,611.0625505,0.5299318938,-542.0338335,0,-542.0338335
